{"duration": 24.859155598747435, "amplitudes": [62.30067839182082, 63.91956236681734, 73.48179413634558, 79.08599221277224, 79.28633150745699, 83.688561045908, 84.61512327065304, 70.67405944555199, 84.24776732557152, 70.06600666973583, 78.1039400856074, 72.80855038108992, 97.01721581374204, 75.14201746739218, 70.55553007242422, 76.98313787069544, 76.44401192181353, 51.72032162791575, 70.11787871450734, 79.68271358084486, 75.61996192445501, 69.2584786701842, 73.60446071508268, 79.58061730378658, 85.79068052795716, 88.2613651824575, 81.95556465972703, 89.69120929285643, 100.0, 86.89488951772222, 83.19680946516745, 72.28789595939283, 77.24402011541373, 79.85495212473366, 77.81331447879344, 80.41554312360381, 69.05313843605464, 79.80032648589966, 71.57096504277831, 80.51479420795144, 86.06765653957824, 69.47826498783861]}